episode,step,waiting_time,co2_emission,reward,episode_reward
0,0,0.0,59.745506294492884,-1.1949101258898576,-1.1949101258898576
0,10,200.0,41.24985418586969,-2.488997083717394,-18.94975334629571
0,20,366.0,50.12443580593229,-4.010488716118646,-55.278729076745904
0,30,925.0,55.02376772190232,-8.636475354438048,-119.21705382446252
0,40,1106.0,74.7188400540936,-10.510376801081872,-230.0103386913725
0,50,2406.0,114.26194911479952,-21.80523898229599,-390.52000534648573
0,60,3406.0,136.6516842753259,-30.26103368550652,-649.8957777415529
0,70,5143.0,130.84278348008857,-44.10485566960177,-1021.8542674215308
0,80,7060.0,128.08866676790515,-59.40177333535811,-1542.2058399523614
0,90,6360.0,117.04696282435626,-53.41293925648713,-2166.313691784625
0,100,8240.0,141.89195416799058,-69.13383908335982,-2778.6844985628763
0,110,10624.0,157.0777925658306,-88.5335558513166,-3576.800756958725
0,120,10204.0,153.81829196376938,-85.14036583927539,-4389.1183218429305
0,130,12673.0,162.0494901184863,-105.04098980236974,-5348.2184690088725
0,140,11576.0,175.00372545201168,-96.60407450904023,-6249.4998508890885
0,150,13970.0,180.7272274599151,-115.8385445491983,-7316.520403599112
0,160,16627.0,174.49293827139437,-136.95385876542792,-8589.01697285576
0,170,15944.0,156.36206871327082,-130.98324137426542,-9966.677095871428
0,180,12990.0,165.1952350610169,-107.52790470122034,-11233.96821369083
0,190,15616.0,203.94679254685946,-129.5509358509372,-12435.103199436398
1,200,0.0,33.47516399959996,-0.6695032799919991,-0.6695032799919991
1,210,113.0,42.63445121533984,-1.8286890243067968,-16.572946290391663
1,220,510.0,39.6496876109983,-4.9689937522199665,-51.16964908633071
1,230,664.0,43.21961931103803,-6.272392386220761,-109.06946668012063
1,240,1514.0,78.67680864500326,-13.845536172900065,-214.330454447683
1,250,2664.0,98.7625046477589,-23.50325009295518,-402.26697322102217
1,260,2509.0,109.0817671753472,-22.517635343506946,-658.0529128674283
1,270,2897.0,124.75537314341186,-25.90310746286824,-884.1355181638547
1,280,3657.0,125.2040721518446,-32.04808144303689,-1184.0864996776004
1,290,3640.0,125.54477158695674,-31.918895431739138,-1463.564926221219
1,300,3884.0,143.3124719996231,-34.27424943999247,-1765.3807980702063
1,310,4234.0,144.11368312625072,-37.01827366252502,-2141.0725349797585
1,320,5974.0,162.5678179118065,-51.51535635823613,-2590.913089433026
1,330,7197.0,198.2681473739951,-62.08536294747991,-3111.682970736928
1,340,11028.0,236.93193238656949,-93.6346386477314,-3900.4539548774305
1,350,11999.0,231.40663163042476,-101.1321326326085,-4926.883154404909
1,360,15850.0,250.1185844622677,-132.53837168924537,-6095.893037614631
1,370,17380.0,236.1740752613766,-144.31548150522755,-7524.291909416168
1,380,19104.0,238.3549827710326,-158.11909965542065,-9055.987469564001
1,390,22485.0,267.7700949803098,-185.8994018996062,-10806.055246633861
2,400,0.0,40.40457521881867,-0.8080915043763736,-0.8080915043763736
2,410,234.0,67.85738354138178,-3.3411476708276355,-20.263296194711828
2,420,240.0,54.004796612015575,-3.0800959322403116,-52.129859295619404
2,430,200.0,17.215649753239667,-1.9923129950647935,-78.09741571501338
2,440,421.0,60.81838581124487,-4.688367716224898,-124.62606452152252
2,450,661.0,64.96969444329889,-6.723393888865978,-187.00293288263572
2,460,1455.0,78.58056181683135,-13.419611236336628,-286.68264708076924
2,470,2078.0,90.08124355641833,-18.66562487112837,-447.77828720822725
2,480,2709.0,87.41796779777515,-23.660359355955507,-648.1997655312331
2,490,3934.0,103.59833770602476,-33.815966754120495,-938.0513274854216
2,500,5640.0,121.80484530454439,-47.84409690609089,-1352.364112004402
2,510,7746.0,141.4315743078563,-65.18863148615713,-1923.6908547868618
2,520,10158.0,158.875841049516,-84.87351682099033,-2682.127412907953
2,530,10005.0,173.59262238626508,-83.9838524477253,-3496.042477370628
2,540,12823.0,187.1069860256723,-106.85413972051344,-4458.152924672002
2,550,15449.0,175.2371201667947,-127.59274240333592,-5634.2253365043525
2,560,18315.0,186.0614989933002,-150.729229979866,-7034.917771779684
2,570,17664.0,204.54970057985406,-145.97099401159707,-8443.382029784801
2,580,20497.0,203.5032614065081,-168.56606522813019,-10028.81866800017
2,590,23604.0,199.54885219529885,-193.382977043906,-11853.460144863398
3,600,0.0,44.55672708963473,-0.8911345417926946,-0.8911345417926946
3,610,105.0,47.982844807550215,-1.8636568961510043,-13.914974659755146
3,620,305.0,38.18116017562745,-3.283623203512549,-43.74788618939341
3,630,469.0,57.98291590775924,-5.015658318155185,-93.4184959416284
3,640,1152.0,68.96259269318824,-10.739251853863765,-173.8217514540335
3,650,2298.0,100.03781328031614,-20.624756265606326,-329.89205292589884
3,660,3633.0,130.26221113152403,-31.949244222630483,-594.7274916193262
3,670,5427.0,114.316209943821,-46.01432419887642,-989.4470839234755
3,680,5575.0,128.97138228999106,-47.475427645799826,-1466.834517005019
3,690,8364.0,183.83292825576027,-71.1166585651152,-2065.348680701588
3,700,10162.0,166.64267833599297,-85.10085356671986,-2842.0767285002703
3,710,12454.0,162.21460728986747,-103.29229214579735,-3799.0504194511095
3,720,11658.0,168.4654004766855,-97.08130800953371,-4784.599795350387
3,730,14274.0,197.33543798693233,-118.67470875973865,-5885.310540653091
3,740,17008.0,210.6587980209678,-140.81317596041936,-7205.853407347499
3,750,19294.0,212.0984083091157,-159.0739681661823,-8716.197595711003
3,760,22201.0,204.1611819536941,-182.25122363907388,-10431.000907711772
3,770,25208.0,194.21371885936568,-206.07627437718733,-12399.77907290351
3,780,27910.0,201.27322392532045,-227.82546447850643,-14586.262492119968
3,790,26940.0,195.46583440242767,-219.98131668804857,-16861.130077065263
4,800,0.0,42.472286351793535,-0.8494457270358707,-0.8494457270358707
4,810,182.0,50.20841025560512,-2.540168205112103,-15.566292656309066
4,820,696.0,70.57494325256376,-7.099498865051276,-61.37910134508012
4,830,823.0,61.32502950948288,-7.962500590189658,-123.0920641554976
4,840,1433.0,75.34937236484066,-13.154987447296815,-225.64997338546
4,850,2562.0,97.80200968883815,-22.67604019377676,-407.57377896940153
4,860,4091.0,128.8000692909292,-35.616001385818585,-701.6055140029458
4,870,4102.0,126.89956033916634,-35.55399120678333,-1105.5820523318475
4,880,5711.0,139.7563813525195,-48.83512762705039,-1533.5377491467043
4,890,7992.0,149.15250802305846,-67.34305016046117,-2119.5576686440336
4,900,10314.0,156.62834621511405,-86.03656692430228,-2902.9056514603276
4,910,12781.0,150.1619675626937,-105.65123935125388,-3872.172096620988
4,920,12560.0,148.93663546314707,-103.82673270926296,-4851.683102394578
4,930,11242.0,164.36726952241466,-93.65534539044829,-5727.603147560716
4,940,12411.0,144.86302212949124,-102.58526044258983,-6711.940921557115
4,950,11215.0,158.10891547897563,-93.19417830957953,-7781.356189737999
4,960,12806.0,178.51100398703582,-106.46622007974074,-8758.107865114105
4,970,10126.0,159.58836297181895,-84.50376725943639,-9816.998247291867
4,980,8303.0,190.19711069962923,-70.77994221399258,-10492.48055217315
4,990,7468.0,225.24549468385197,-64.83290989367704,-11150.570404738011
5,1000,0.0,46.61590243797539,-0.9323180487595079,-0.9323180487595079
5,1010,195.0,57.54857303166132,-2.7989714606332265,-18.094551473617116
5,1020,461.0,63.410732255063195,-5.100214645101264,-63.101261548659735
5,1030,988.0,60.298951391865565,-9.245979027837311,-140.81965989147622
5,1040,2006.0,78.14012465895476,-17.802802493179097,-281.538062627156
5,1050,1817.0,108.26831137115667,-16.877366227423135,-476.8236472908234
5,1060,1990.0,117.7637788060102,-18.5312755761202,-630.6079159111127
5,1070,3320.0,106.53027510647206,-28.946605502129444,-867.1218621001713
5,1080,3618.0,118.64689163114832,-31.580937832622965,-1141.4601291079136
5,1090,4986.0,122.00759916561466,-42.64815198331229,-1534.3187410623163
5,1100,5912.0,145.39371803142643,-50.55587436062853,-1968.176446916637
5,1110,5274.0,138.01522883724311,-45.21630457674487,-2436.5599265728783
5,1120,6894.0,164.06473510422086,-58.79329470208442,-2978.830172698408
5,1130,7508.0,158.6852286830399,-63.549704573660804,-3623.3632899109616
5,1140,9626.0,182.3307485157768,-81.12661497031554,-4359.648652364936
5,1150,12077.0,204.15164256663985,-101.2830328513328,-5268.838886841475
5,1160,14298.0,216.054699654815,-119.2010939930963,-6377.974944622589
5,1170,14967.0,200.66955755311199,-124.18939115106224,-7616.827570504156
5,1180,18021.0,221.28604247966356,-149.10572084959327,-9015.543289665542
5,1190,21037.0,221.79792901391448,-173.38795858027828,-10634.008699102063
6,1200,0.0,33.174366321706444,-0.663487326434129,-0.663487326434129
6,1210,268.0,52.02298281702049,-3.2644596563404096,-16.983616455140478
6,1220,403.0,46.72918338443069,-4.254583667688614,-50.40975934138718
6,1230,464.0,61.809024537667995,-5.0681804907533605,-92.20199019633789
6,1240,956.0,90.98616439585436,-9.707723287917087,-171.7975000987036
6,1250,1538.0,101.91281168164655,-14.59025623363293,-304.7199312260441
6,1260,2578.0,132.53278016423798,-23.570655603284763,-496.2097889529991
6,1270,3540.0,136.5541761841434,-31.427083523682867,-742.8329057815232
6,1280,4991.0,167.53355684419193,-43.61467113688384,-1163.2897654698909
6,1290,5600.0,175.91627601975318,-48.78232552039507,-1607.6457510971925
6,1300,7462.0,182.1626616233965,-63.71525323246793,-2210.1425033657433
6,1310,9419.0,201.91676406144558,-79.83033528122891,-2961.6366173182287
6,1320,11757.0,228.0935430423526,-99.19387086084706,-3906.6281553515073
6,1330,11981.0,233.49377964913296,-101.15787559298266,-4860.452384633273
6,1340,13391.0,243.88608964095343,-112.69372179281909,-5884.154028284532
6,1350,15316.0,222.12699759798582,-127.57853995195971,-7048.345346026578
6,1360,12276.0,188.03600623578785,-102.36872012471576,-8201.39202327417
6,1370,11276.0,216.44567259840463,-95.0569134519681,-9182.729288730294
6,1380,14120.0,215.27935910210493,-117.87358718204212,-10233.952467425259
6,1390,11796.0,198.36290269744566,-98.78325805394891,-11291.810244126587
7,1400,0.0,55.30138441492809,-1.1060276882985618,-1.1060276882985618
7,1410,280.0,55.56211613078457,-3.4712423226156917,-22.86168648670277
7,1420,395.0,59.99968289429323,-4.471993657885865,-70.52782808475577
7,1430,428.0,38.961378374109856,-4.315227567482197,-116.18534801416844
7,1440,1104.0,84.09087436286592,-10.729817487257318,-201.71572254259257
7,1450,1838.0,104.57799733947805,-16.995559946789562,-337.1866669063182
7,1460,3158.0,115.8426483962371,-27.868852967924745,-561.1826076077234
7,1470,4862.0,121.66703456787447,-41.641340691357485,-911.8490872175048
7,1480,5429.0,141.66217967709875,-46.585243593541975,-1332.3549378254645
7,1490,5635.0,151.4841715036248,-48.5336834300725,-1780.557893201854
7,1500,7078.0,159.31259039985403,-60.25025180799708,-2347.5011082478777
7,1510,9197.0,164.16643231044625,-77.31532864620894,-3045.8960095668513
7,1520,9497.0,186.01994297336557,-80.23239885946731,-3756.2869176264517
7,1530,11679.0,182.62954360500441,-97.53259087210009,-4674.386859593706
7,1540,13208.0,174.05521822089483,-109.6171043644179,-5736.39154428731
7,1550,15343.0,198.86851439113173,-127.24137028782265,-6918.004461868124
7,1560,13701.0,189.48027497639208,-113.78960549952784,-8187.720802452044
7,1570,16300.0,213.6793229043493,-135.161586458087,-9460.84735462856
7,1580,18212.0,214.69147599840426,-150.6378295199681,-10922.935457354492
7,1590,17996.0,195.1322511488178,-148.29464502297637,-12423.559856826323
8,1600,0.0,35.3162891083936,-0.706325782167872,-0.706325782167872
8,1610,121.0,37.01279670134738,-1.7882559340269477,-14.977762228884748
8,1620,303.0,36.26017824338413,-3.2292035648676825,-42.78726006627098
8,1630,412.0,32.37332049204288,-4.023466409840857,-78.15026285081333
8,1640,1122.0,74.54605098072432,-10.626921019614487,-155.7195210022479
8,1650,2081.0,95.37639830896022,-18.747527966179206,-302.45095401701633
8,1660,3440.0,116.64429227321271,-30.172885845464254,-544.1042834461563
8,1670,4800.0,140.84202447005234,-41.49684048940105,-913.0218634849571
8,1680,6704.0,135.42969084374295,-56.676593816874856,-1409.7732287668598
8,1690,8834.0,129.81942317267408,-73.62038846345348,-2068.952923174345
8,1700,8524.0,125.48544459071633,-70.94970889181432,-2838.3214040695243
8,1710,7090.0,154.78716109056063,-60.19974322181121,-3395.875771371672
8,1720,6251.0,145.1051749995674,-53.22210349999135,-3952.245123574208
8,1730,8520.0,143.21171790370678,-71.44023435807415,-4580.897015061993
8,1740,10971.0,146.16541135194154,-91.09930822703883,-5405.98696517246
8,1750,10240.0,171.73883677995508,-85.77877673559911,-6230.591725203243
8,1760,9829.0,180.02683631973912,-82.72853672639478,-7008.7485123246015
8,1770,12541.0,192.99991153848939,-104.6839982307698,-7967.253113729673
8,1780,15125.0,175.3614657804532,-124.98722931560907,-9126.984211662522
8,1790,13554.0,162.85795985949568,-112.1371591971899,-10355.778795833527
9,1800,0.0,27.378505959588445,-0.5475701191917689,-0.5475701191917689
9,1810,279.0,47.43477915905903,-3.284695583181181,-17.338664755392244
9,1820,375.0,58.38580449910367,-4.271716089982074,-53.76786501644429
9,1830,739.0,46.73857886639008,-6.950771577327801,-107.73629498630274
9,1840,1642.0,74.94608144817727,-14.826921628963547,-219.84116546009693
9,1850,2867.0,99.02705618492193,-25.132541123698438,-423.0708878338556
9,1860,4132.0,123.2369857707665,-35.848739715415334,-724.358777796999
9,1870,5716.0,130.51528310951258,-48.63430566219025,-1150.0611007909395
9,1880,5480.0,112.00279436728057,-46.29605588734562,-1655.91470199652
9,1890,4077.0,157.81201384545827,-36.08424027690916,-2102.872157063946
9,1900,5505.0,181.57219496924372,-48.02344389938488,-2533.612152596858
9,1910,7551.0,183.86779369312615,-64.51735587386253,-3121.612199350947
9,1920,10827.0,222.03748365341409,-91.65674967306829,-3921.5816957881066
9,1930,12600.0,201.64426019954254,-105.28888520399084,-4908.9247049457135
9,1940,15189.0,203.90016315342584,-126.1100032630685,-6092.449544817981
9,1950,17724.0,221.3936795475366,-146.86787359095075,-7444.945887717639
9,1960,16112.0,207.33861212493363,-133.55477224249867,-8861.786369759191
9,1970,16733.0,213.63443796629988,-138.648688759326,-10176.755895256636
9,1980,17191.0,236.1899641552989,-142.843799283106,-11687.257237328655
9,1990,19063.0,245.80444970678656,-158.02808899413571,-13214.527037865597
10,2000,0.0,64.20881398777188,-1.2841762797554377,-1.2841762797554377
10,2010,181.0,35.79540339333608,-2.235908067866722,-19.18857982359551
10,2020,706.0,71.42917769354548,-7.18858355387091,-66.1191947257575
10,2030,304.0,49.670050100871244,-3.529401002017425,-116.15307461161264
10,2040,847.0,66.24614298215558,-8.228922859643113,-179.24652079173774
10,2050,1848.0,88.54719956853022,-16.746943991370603,-303.87795957793674
10,2060,1745.0,105.55900783227865,-16.279180156645573,-483.3433546807779
10,2070,2451.0,95.41553172127705,-21.716310634425543,-692.1823114956866
10,2080,3106.0,92.73634287612042,-26.958726857522407,-917.4647405952776
10,2090,3421.0,126.34513126310895,-30.230902625262182,-1171.781353752684
10,2100,3464.0,120.76409220171642,-30.383281844034332,-1481.3943388047796
10,2110,5198.0,142.53571655123412,-44.81871433102469,-1865.9139881353979
10,2120,7091.0,146.38077549827085,-60.039615509965415,-2388.3079807284867
10,2130,6811.0,161.45868698253352,-58.08517373965066,-2969.590737186381
10,2140,7475.0,177.1049591771185,-63.662099183542374,-3626.379265359664
10,2150,6955.0,170.00395970466457,-59.4960791940933,-4302.783716626803
10,2160,5499.0,151.65837093453476,-47.289167418690695,-4909.071405088759
10,2170,6635.0,183.20475764252527,-57.20809515285052,-5453.955482049036
10,2180,6906.0,183.6863244046738,-59.44972648809348,-5973.531673671813
10,2190,7495.0,187.999101418121,-64.10398202836242,-6641.460162968762
11,2200,0.0,45.86459369277936,-0.9172918738555872,-0.9172918738555872
11,2210,193.0,40.86750684854297,-2.4493501369708595,-17.57889709189401
11,2220,566.0,55.105847838485786,-5.726116956769716,-66.08235911382431
11,2230,751.0,49.25210690554659,-7.121042138110932,-123.70538672949829
11,2240,1743.0,88.35309776257637,-15.927061955251528,-241.28844468014884
11,2250,1856.0,97.18787464088344,-17.01575749281767,-387.94089752076684
11,2260,2578.0,133.02985488148974,-23.612597097629795,-585.0196551084211
11,2270,2695.0,122.50447141197967,-24.322089428239593,-852.6233064564324
11,2280,3249.0,129.70032234309485,-28.9540064468619,-1103.4628085776803
11,2290,4502.0,156.48751612431434,-39.59375032248629,-1436.2025253777256
11,2300,5653.0,184.08623051075114,-49.30572461021502,-1903.0245918701928
11,2310,7267.0,185.3467476289283,-62.33893495257857,-2471.5468202438733
11,2320,9010.0,202.11172863689913,-76.586234572738,-3168.537485430713
11,2330,9591.0,213.98553359241296,-81.48771067184828,-4018.91668056921
11,2340,11142.0,222.49313762063014,-94.12186275241261,-4894.950696970715
11,2350,10747.0,234.7422883139493,-91.294845766279,-5731.249389669419
11,2360,12504.0,225.52493448000288,-105.10249868960005,-6723.750540757338
11,2370,13373.0,227.11268938680797,-112.05425378773616,-7865.484192868368
11,2380,14577.0,225.35327032287736,-121.61906540645754,-9078.809841953354
11,2390,15378.0,229.5911297492274,-128.23182259498455,-10377.035961095526
12,2400,0.0,34.65898518759843,-0.6931797037519687,-0.6931797037519687
12,2410,266.0,61.78620518783795,-3.491724103756759,-19.593797852415705
12,2420,382.0,64.97394101122188,-4.4674788202244375,-47.40558095648745
12,2430,368.0,55.44684926917933,-4.124936985383586,-89.46608992943648
12,2440,607.0,64.81979103242212,-6.272395820648443,-141.7200791677656
12,2450,861.0,88.90456941759638,-8.810091388351928,-209.2179497189354
12,2460,975.0,99.72676495665574,-9.994535299133116,-292.628832297375
12,2470,1896.0,102.84934944935783,-17.488986988987158,-430.46593880776544
12,2480,2827.0,115.99862610710097,-25.16797252214202,-647.8154434090275
12,2490,4314.0,115.56481270351023,-37.13529625407021,-964.090335070561
12,2500,6211.0,128.0454432462714,-52.56890886492543,-1420.1646804108393
12,2510,5710.0,154.8897777830452,-49.1377955556609,-1903.3981311091843
12,2520,7923.0,155.32513292023827,-66.89850265840477,-2486.796289023985
12,2530,8039.0,159.52443352453608,-67.85448867049072,-3156.574535979223
12,2540,7779.0,158.00102284601928,-65.66402045692038,-3842.570644142041
12,2550,8386.0,146.82016372777395,-70.31240327455548,-4554.788585675967
12,2560,6389.0,151.2631907123212,-54.50526381424642,-5180.143983192984
12,2570,7589.0,139.58835114861228,-63.87176702297224,-5762.261233320802
12,2580,7265.0,137.96483819648438,-61.19929676392969,-6381.1994366709005
12,2590,8925.0,172.47552675955757,-75.21751053519115,-7071.305115608688
13,2600,0.0,35.334302844216225,-0.7066860568843245,-0.7066860568843245
13,2610,288.0,43.28750395478923,-3.2577500790957847,-19.09592755536873
13,2620,519.0,49.942914261990985,-5.26285828523982,-55.62117441711266
13,2630,566.0,36.21900193859275,-5.332380038771855,-104.28271785156616
13,2640,702.0,64.93396736888691,-7.042679347377738,-181.10799424464236
13,2650,1196.0,82.33516224677783,-11.390703244935557,-259.58446656486296
13,2660,1513.0,107.12566944646147,-14.438513388929229,-420.3101990631904
13,2670,2470.0,117.9484772552122,-22.422969545104245,-601.118332594103
13,2680,2879.0,109.41122045499088,-25.452224409099816,-859.1303011485396
13,2690,4695.0,160.03558503336825,-41.20071170066736,-1178.834374131878
13,2700,4391.0,175.40763252374427,-38.99615265047488,-1583.476205424754
13,2710,6856.0,192.06038694345384,-59.24120773886908,-2062.6945642416144
13,2720,7701.0,186.56705355719905,-65.82734107114399,-2678.2938535503977
13,2730,10830.0,209.6870867487127,-91.36174173497426,-3471.9599409822545
13,2740,9774.0,211.16245336411455,-82.9032490672823,-4339.199330405276
13,2750,10646.0,210.70667341293685,-89.79813346825874,-5240.544246194818
13,2760,11505.0,207.1937214470339,-96.59187442894068,-6208.082290787258
13,2770,12583.0,215.6155995374564,-105.48031199074913,-7292.790798443823
13,2780,11731.0,222.50754233617417,-98.84215084672348,-8284.4932585973
13,2790,13115.0,230.78099326065745,-110.09561986521315,-9372.497866852633
14,2800,0.0,51.75949323755432,-1.0351898647510864,-1.0351898647510864
14,2810,199.0,45.54003829582395,-2.5748007659164793,-17.961878200627176
14,2820,684.0,53.17530214351877,-6.6715060428703765,-60.52366971786061
14,2830,898.0,69.7546858976802,-8.739093717953605,-122.01480004841989
14,2840,1464.0,92.9853828507535,-13.827707657015072,-240.15565578733984
14,2850,2030.0,108.67355046690908,-18.669471009338185,-392.9459619615192
14,2860,2860.0,142.93104355953045,-26.01862087119061,-612.0941215407581
14,2870,3952.0,148.35043068726085,-34.863008613745215,-942.9583550963106
14,2880,5698.0,170.78154577418124,-49.34363091548362,-1385.4936853807483
14,2890,7779.0,184.61459213859098,-66.38829184277182,-1981.9361593104675
14,2900,9955.0,209.3690292580552,-84.29138058516111,-2765.664193232104
14,2910,11766.0,210.24245787786282,-98.87684915755727,-3680.1239017501516
14,2920,13140.0,238.67872024804427,-110.5655744049609,-4701.793280257052
14,2930,14898.0,226.27971196547745,-124.24559423930957,-5919.825273952757
14,2940,15246.0,242.64437845818904,-127.48488756916379,-7211.010294190161
14,2950,12882.0,219.7599253209017,-107.89919850641803,-8395.93419478289
14,2960,12973.0,231.83608487114074,-109.02872169742282,-9532.064983648435
14,2970,12992.0,229.15985165103675,-109.15919703302075,-10565.83041574428
14,2980,11155.0,195.98190018078566,-93.60763800361572,-11558.742559927801
14,2990,11621.0,210.3701196523285,-97.68740239304657,-12495.507566826996
15,3000,0.0,35.92211685625825,-0.718442337125165,-0.718442337125165
15,3010,364.0,62.34236002723986,-4.2868472005447975,-22.370999597665175
15,3020,886.0,65.74496813009443,-8.57889936260189,-80.94653722361434
15,3030,1357.0,85.16932931167122,-12.791386586233426,-187.18674464400698
15,3040,1196.0,92.7308589476363,-11.662617178952726,-309.11180056100676
15,3050,1860.0,109.6705099684895,-17.329410199369793,-445.8691718514109
15,3060,2542.0,140.88593675747074,-23.44171873514942,-644.592845183407
15,3070,2985.0,136.60109598267888,-26.964021919653575,-892.4791735261017
15,3080,4313.0,150.07492406978298,-37.93749848139566,-1221.1814194145495
15,3090,4215.0,153.18822916794264,-37.215764583358855,-1596.5693981224629
15,3100,5988.0,181.3483515500724,-51.97896703100145,-2059.9534561757637
15,3110,7396.0,201.6454660886215,-63.63290932177243,-2703.09504439557
15,3120,7757.0,214.7752904197105,-66.95950580839421,-3279.9237641280797
15,3130,8586.0,217.252897103805,-73.6490579420761,-3952.6683900440335
15,3140,10714.0,228.15998620067805,-90.90719972401357,-4740.185808607805
15,3150,12628.0,216.09646083221588,-105.95392921664433,-5710.586032134792
15,3160,14443.0,216.78232921266,-120.4716465842532,-6848.677065090362
15,3170,14972.0,206.95727601678223,-124.46714552033565,-8063.966696283644
15,3180,15390.0,184.0854563373416,-127.24970912674685,-9369.05311755798
15,3190,15446.0,222.0281164256186,-128.62456232851238,-10557.418280529682
16,3200,0.0,38.8215038816107,-0.776430077632214,-0.776430077632214
16,3210,46.0,51.39427879903509,-1.411885575980702,-14.338606934158026
16,3220,286.0,41.45733069514434,-3.1811466139028868,-38.908832654049945
16,3230,865.0,59.601303536992255,-8.280026070739845,-90.41466597301537
16,3240,799.0,91.52968598124292,-8.39859371962486,-178.62503989022315
16,3250,1729.0,96.6313634799872,-15.980627269599744,-296.43261245459746
16,3260,3124.0,135.93190841941043,-28.030638168388208,-528.7616603724539
16,3270,4078.0,150.15314286423225,-36.03506285728465,-809.5308735752005
16,3280,4359.0,139.10702806805307,-38.07814056136106,-1150.2174114241393
16,3290,4595.0,169.46743103851696,-40.57334862077034,-1581.2561764266368
16,3300,7178.0,187.28880633850514,-61.6497761267701,-2112.832572788458
16,3310,7454.0,198.3038662153374,-63.998077324306756,-2735.7656087996556
16,3320,8508.0,186.50182317882002,-72.3380364635764,-3413.1745977974797
16,3330,7682.0,199.44722512142636,-65.80494450242853,-4091.193396523845
16,3340,8010.0,203.4040182641945,-68.6200803652839,-4733.317417637159
16,3350,7857.0,207.2500519244408,-67.40100103848881,-5463.4715777324545
16,3360,8037.0,204.19235711453427,-68.81984714229068,-6197.260582501768
16,3370,6668.0,205.1181033714345,-57.9103620674287,-6863.407253145796
16,3380,6740.0,178.23083768288694,-57.78061675365774,-7493.963511700425
16,3390,6519.0,203.29998396753632,-56.63399967935072,-8075.136635794793
17,3400,0.0,33.11065505418378,-0.6622131010836756,-0.6622131010836756
17,3410,64.0,49.01623620374133,-1.5563247240748268,-14.729211058497981
17,3420,259.0,56.534043124289845,-3.282680862485797,-34.216018618237456
17,3430,406.0,44.17609674649987,-4.243521934929998,-80.65799979947211
17,3440,1122.0,86.64467288805811,-10.908893457761163,-154.12953174855187
17,3450,1328.0,102.91169334214901,-12.898233866842983,-263.2439257369824
17,3460,1630.0,86.4958194192166,-15.025916388384333,-409.2633186814768
17,3470,2890.0,128.1601701316605,-25.987203402633213,-625.7892885601386
17,3480,4104.0,148.74638262029438,-36.20692765240589,-909.0140732765407
17,3490,5651.0,147.96577493899966,-48.59131549878,-1327.185242439065
17,3500,5951.0,164.8147533197044,-51.34429506639409,-1785.7814040001135
17,3510,7119.0,179.74937662329074,-61.00298753246582,-2348.0358117544297
17,3520,7027.0,171.0265339203794,-59.97253067840759,-2945.48019223213
17,3530,6552.0,178.71436657476661,-56.38228733149534,-3531.0542048266675
17,3540,7899.0,190.094128896434,-67.44988257792869,-4163.985395451143
17,3550,9777.0,189.62816548767034,-82.48856330975342,-4945.100393836724
17,3560,8823.0,183.90638518745786,-74.69412770374916,-5773.674195175267
17,3570,10222.0,194.53480008184852,-86.17069600163697,-6596.64021962994
17,3580,12143.0,207.02290185732758,-101.75645803714656,-7586.4752944403435
17,3590,11540.0,211.24786662608037,-96.98495733252162,-8579.371025559612
18,3600,0.0,39.40885891718695,-0.788177178343739,-0.788177178343739
18,3610,231.0,62.08476415329441,-3.193695283065888,-19.461450783349576
18,3620,320.0,42.72610908733321,-3.4945221817466643,-47.5632646921412
18,3630,777.0,57.694299232975204,-7.505885984659504,-101.66635739544817
18,3640,944.0,86.70919347396075,-9.390183869479216,-213.27422208235842
18,3650,1812.0,101.84341167387943,-16.72486823347759,-342.74130803935185
18,3660,3102.0,105.93682832242386,-27.206736566448477,-565.2103147653493
18,3670,2184.0,101.16456906501243,-19.719291381300252,-798.7272444541347
18,3680,1803.0,100.7619114581567,-16.671238229163134,-966.0208425677158
18,3690,3116.0,102.32703515732679,-27.230540703146538,-1189.7235148210298
18,3700,4076.0,106.60634816472574,-35.01212696329452,-1494.3333887957153
18,3710,5874.0,119.34351485550359,-49.72287029711008,-1922.4938982047627
18,3720,5636.0,132.85041154774717,-48.025008230954946,-2488.667717085551
18,3730,7281.0,167.00482027877536,-62.02809640557551,-3017.7904688671592
18,3740,6945.0,131.60231336472825,-58.52004626729457,-3615.229118707666
18,3750,7559.0,186.1192680343384,-64.67438536068677,-4225.60389044921
18,3760,9287.0,201.0427077528506,-78.85285415505702,-4940.085516011078
18,3770,10220.0,171.52583440877592,-85.59851668817552,-5795.015479667382
18,3780,11736.0,225.30692895726034,-98.93013857914521,-6780.001793798647
18,3790,11012.0,239.9451972875406,-93.40690394575081,-7752.545893754997
19,3800,0.0,48.70056839786693,-0.9740113679573388,-0.9740113679573388
19,3810,273.0,52.681585065003055,-3.333631701300061,-19.5387391485033
19,3820,157.0,45.18690038047052,-2.2477380076094104,-45.89464864968885
19,3830,481.0,46.745533702698985,-4.88691067405398,-83.70312146021512
19,3840,507.0,58.6304311968691,-5.388608623937382,-130.796935296238
19,3850,412.0,55.83836235385239,-4.540767247077048,-180.43238942930478
19,3860,680.0,80.5045183302103,-7.202090366604207,-249.95387462639383
19,3870,1035.0,67.95452456886582,-9.783090491377315,-342.2862428493834
19,3880,1867.0,86.25983018212878,-16.885196603642576,-476.81588683392454
19,3890,2601.0,89.5782905907752,-22.823565811815506,-674.8766443067624
19,3900,3979.0,128.4381213113629,-34.672762426227266,-971.2008824294269
19,3910,5734.0,119.6995039893554,-48.60999007978712,-1389.855726245617
19,3920,7853.0,152.1015138359831,-66.25003027671967,-1971.8636196323514
19,3930,7920.0,166.95839422559007,-67.0671678845118,-2586.394500394616
19,3940,10439.0,160.76620645519503,-87.18332412910391,-3364.093889876091
19,3950,9867.0,172.3165347245415,-82.78233069449084,-4215.457534512418
19,3960,9840.0,157.73996396494255,-82.13879927929887,-5070.142565842618
19,3970,9813.0,162.57349603238174,-82.18746992064764,-5823.202373954181
19,3980,11184.0,158.9516132266841,-93.01903226453369,-6732.944080231274
19,3990,10606.0,164.70454004594342,-88.59009080091887,-7579.054966690328
20,4000,0.0,55.49128379720625,-1.1098256759441252,-1.1098256759441252
20,4010,275.0,49.08583162824498,-3.2617166325649,-18.87573500367862
20,4020,436.0,52.735358217368,-4.638707164347361,-70.21779122363554
20,4030,1063.0,72.79828375140254,-10.143965675028051,-138.79981845654945
20,4040,1166.0,95.50974287058054,-11.470194857411611,-238.702281906313
20,4050,1664.0,107.39823121347496,-15.635964624269498,-381.45059058451915
20,4060,2965.0,123.97716470349786,-26.503543294069956,-604.2916641103453
20,4070,3528.0,124.34607511328606,-30.966921502265727,-884.8503271996137
20,4080,2989.0,109.35237996421046,-26.37904759928421,-1157.3325619075686
20,4090,4396.0,115.21947869321122,-37.77638957386422,-1479.5797946207742
20,4100,4213.0,124.35456230698965,-36.49509124613979,-1849.1157584755952
20,4110,6183.0,139.36812818722595,-52.61936256374452,-2301.746522123791
20,4120,5389.0,107.56621151276998,-45.5193242302554,-2778.377989632974
20,4130,5768.0,147.01180758909203,-49.41223615178185,-3265.878402094494
20,4140,7874.0,171.32711021688976,-66.8745422043378,-3867.867429918214
20,4150,8181.0,211.55967659099505,-70.2711935318199,-4495.75916639137
20,4160,10381.0,207.79327118680416,-87.79586542373609,-5293.235602630118
20,4170,10662.0,216.90020402592677,-90.09800408051854,-6269.968909958591
20,4180,11338.0,231.54302733563003,-95.86286054671261,-7231.878051884186
20,4190,12684.0,191.37936837262882,-105.80358736745258,-8256.917550977814
21,4200,0.0,58.147950105265046,-1.162959002105301,-1.162959002105301
21,4210,289.0,64.67394108424173,-3.7494788216848347,-19.425458338587962
21,4220,260.0,44.40019749990432,-3.0720039499980865,-64.22457717669992
21,4230,614.0,53.75016758716461,-6.123003351743292,-118.96274926541412
21,4240,1201.0,81.28381854524557,-11.401676370904912,-213.77295810450752
21,4250,912.0,109.20707372046172,-9.672141474409234,-300.8282898938499
21,4260,1260.0,112.73305159498672,-12.518661031899736,-408.2614231143192
21,4270,1731.0,100.39451281888059,-16.07189025637761,-563.7389658475048
21,4280,3016.0,114.77418580810043,-26.75148371616201,-787.9497641417463
21,4290,4154.0,150.81831087505313,-36.66436621750107,-1106.1718688635185
21,4300,5577.0,170.2493366000654,-48.468986732001305,-1532.5170691594756
21,4310,7785.0,199.9990064828612,-66.71198012965723,-2142.696475509279
21,4320,10228.0,232.84865777796355,-87.05697315555928,-2943.279227614066
21,4330,12763.0,253.63466608219682,-107.80069332164395,-3955.067657249849
21,4340,13853.0,258.48871770497755,-116.53777435409955,-5138.984987831083
21,4350,14573.0,248.00723601273657,-122.07214472025473,-6363.299129894437
21,4360,17132.0,229.9133608719117,-142.23826721743825,-7703.038005546039
21,4370,19155.0,229.61374564761888,-158.3922749129524,-9216.825861400905
21,4380,22217.0,242.61933451942426,-183.2603866903885,-10915.101164143687
21,4390,20557.0,237.61290764417677,-169.90425815288356,-12575.16915758203
22,4400,0.0,31.686071867118503,-0.6337214373423701,-0.6337214373423701
22,4410,228.0,54.38011126210735,-3.007602225242147,-17.257600456086706
22,4420,134.0,49.51629411967969,-2.142325882393594,-46.04026775063766
22,4430,463.0,44.11924706963244,-4.698384941392649,-82.90629315943588
22,4440,1136.0,84.6061691286655,-10.97212338257331,-168.6484473655286
22,4450,1379.0,84.62228405514836,-12.900445681102967,-296.94665917989465
22,4460,1782.0,108.7739873856408,-16.735479747712816,-442.70235396050816
22,4470,2650.0,120.6873923816757,-23.949747847633517,-637.3173092033682
22,4480,2397.0,120.63126536554033,-21.900625307310808,-863.5242004510452
22,4490,4121.0,134.8329893863045,-36.01665978772609,-1157.0861102860902
22,4500,5678.0,151.9160076730688,-48.83032015346138,-1573.702638027163
22,4510,5503.0,159.293103936074,-47.52186207872148,-2092.1998338190756
22,4520,7803.0,184.41872796085815,-66.60037455921717,-2666.556612362028
22,4530,10208.0,198.91907724501715,-86.20238154490035,-3412.8834120749475
22,4540,9634.0,202.36456325293307,-81.56729126505867,-4199.889183976433
22,4550,10770.0,208.7663256230617,-90.71932651246125,-5111.800569046728
22,4560,11351.0,179.88335846407261,-94.86166716928146,-6049.981728891515
22,4570,13311.0,166.9682821562977,-110.20336564312598,-7085.3896590581435
22,4580,15774.0,170.21047617216328,-130.04420952344327,-8306.17601790508
22,4590,13941.0,181.0877643727287,-115.52575528745457,-9502.486913457855
23,4600,0.0,44.51251488131922,-0.8902502976263844,-0.8902502976263844
23,4610,57.0,50.48400697001321,-1.5216801394002644,-14.154909139303212
23,4620,368.0,51.27408580620367,-4.073481716124073,-39.20432970620955
23,4630,390.0,35.48950542460991,-3.8937901084921984,-75.8615761931392
23,4640,346.0,63.18402689322186,-4.143680537864437,-113.80293165226146
23,4650,962.0,90.8752004201586,-9.673504008403173,-176.17015143801513
23,4660,1654.0,79.58770453240065,-15.023754090648014,-293.52622420690864
23,4670,2635.0,107.57840600328619,-23.47956812006573,-499.1031447648571
23,4680,2177.0,95.33510033183828,-19.554702006636766,-694.3153773334484
23,4690,3741.0,120.81183937513623,-32.672236787502726,-954.3415895811223
23,4700,3588.0,137.9888512741865,-31.78377702548373,-1227.2874567268325
23,4710,3467.0,131.40087124444725,-30.612017424888943,-1558.3493841663503
23,4720,4821.0,155.15192106847502,-42.09503842136951,-1930.3224528018227
23,4730,6861.0,184.6843823109263,-58.97368764621853,-2464.139568025406
23,4740,9489.0,214.8640252863469,-80.71328050572694,-3196.502817277646
23,4750,11483.0,195.10418854958806,-96.31008377099178,-4084.5012684638073
23,4760,10775.0,209.98572684323074,-90.95971453686462,-4961.266482396993
23,4770,12613.0,213.2628913237781,-105.72125782647556,-5962.659997569133
23,4780,12760.0,209.0100978581567,-106.82820195716315,-6961.262118730842
23,4790,15399.0,214.35672465024717,-128.11913449300494,-8126.0755510221
24,4800,0.0,31.969652972813886,-0.6393930594562778,-0.6393930594562778
24,4810,152.0,55.68276757940874,-2.4096553515881753,-17.653051707386425
24,4820,309.0,48.50287147302768,-3.5540574294605536,-40.58851579633992
24,4830,534.0,53.36608701497954,-5.4513217402995915,-93.75655309224324
24,4840,951.0,68.29626650136595,-9.07792533002732,-179.78494193637815
24,4850,1189.0,84.70913206657926,-11.406182641331586,-252.98661462942928
24,4860,2087.0,114.61995038502366,-19.276399007700476,-395.8935416609455
24,4870,3089.0,124.20539688800535,-27.42010793776011,-633.7490424032817
24,4880,3292.0,112.38941951186742,-28.84778839023735,-926.6070543831612
24,4890,4863.0,151.52337582808354,-42.36646751656168,-1291.510453596579
24,4900,7495.0,189.36850020208573,-64.24337000404171,-1826.4802135667733
24,4910,10646.0,212.9388913086517,-89.97877782617304,-2619.6518795172447
24,4920,11526.0,181.12825463483287,-96.35056509269667,-3519.6936335983105
24,4930,14919.0,219.89246806024346,-124.35784936120487,-4629.021859411526
24,4940,13773.0,190.15470439214508,-114.41909408784292,-5792.558038053943
24,4950,15283.0,187.1325528715842,-126.4386510574317,-7028.640026024106
24,4960,17107.0,217.43345609391415,-141.81266912187832,-8344.186584433666
24,4970,18807.0,204.51910368459056,-155.05838207369183,-9830.86541918475
24,4980,18799.0,212.88239118040016,-155.161647823608,-11507.20449535534
24,4990,16714.0,196.6685142505079,-138.06137028501018,-12938.72948580695
25,5000,0.0,18.093739149899363,-0.3618747829979873,-0.3618747829979873
25,5010,144.0,53.999852427447784,-2.311997048548956,-15.784759972183771
25,5020,646.0,63.77171958243734,-6.571434391648747,-59.458202007769955
25,5030,1089.0,72.33433799307709,-10.334686759861542,-141.227268131942
25,5040,887.0,86.35872511765312,-8.983174502353062,-229.25705514380746
25,5050,1826.0,98.87954699807199,-16.809590939961442,-357.18508134833985
25,5060,1359.0,106.60732416048201,-13.16414648320964,-529.2063684290276
25,5070,2347.0,84.89712318948852,-20.681942463789774,-698.5621470912504
25,5080,3770.0,105.43694233150447,-32.52473884663009,-969.988556769626
25,5090,3476.0,103.98606109212685,-30.143721221842537,-1305.0723917604525
25,5100,3090.0,116.02157954270913,-27.232431590854183,-1617.2435559540195
25,5110,4530.0,132.96097130613228,-39.22721942612265,-1949.4415717778625
25,5120,5670.0,150.0276924379231,-48.69655384875846,-2376.9390180113764
25,5130,7694.0,145.41670076233734,-64.82833401524675,-2947.2302638088686
25,5140,9444.0,134.44535079003396,-78.56090701580068,-3668.477316318478
25,5150,7763.0,113.58192922399786,-64.59963858447996,-4413.077580791941
25,5160,8118.0,163.82285812563725,-68.62845716251275,-5022.13943093849
25,5170,9672.0,144.367706870558,-80.64735413741117,-5776.9272443791
25,5180,8599.0,138.18030626201443,-71.8276061252403,-6620.121433414948
25,5190,9378.0,146.690658128235,-78.30981316256471,-7349.045296456072
26,5200,0.0,20.560862535783045,-0.41121725071566095,-0.41121725071566095
26,5210,132.0,53.34881133339956,-2.178976226667991,-19.50082152581704
26,5220,504.0,58.598748642130424,-5.339974972842609,-49.07104430323398
26,5230,639.0,56.60472241977913,-6.380094448395583,-110.46050947216396
26,5240,1531.0,90.65969976026174,-14.277193995205236,-221.42615738057526
26,5250,2570.0,105.37745187995627,-22.899549037599126,-410.5723819583483
26,5260,2757.0,113.73482654360566,-24.522696530872114,-669.9807318425761
26,5270,2997.0,136.0246538869987,-26.936493077739975,-902.2325950731837
26,5280,4450.0,137.71582090096882,-38.66631641801938,-1238.1023125649515
26,5290,4830.0,119.71903977913951,-41.3543807955828,-1607.2917519980572
26,5300,6839.0,146.2490294192281,-57.972980588384566,-2114.5752736394124
26,5310,6296.0,159.06317707634489,-53.9332635415269,-2673.0823641546403
26,5320,7581.0,170.99401972060835,-64.56388039441217,-3218.062572341822
26,5330,9357.0,178.99758910296347,-78.87595178205927,-3932.5886964422584
26,5340,9885.0,165.2432761234511,-82.83286552246904,-4720.889764205511
26,5350,10183.0,191.37454733067912,-85.82749094661358,-5489.076063981533
26,5360,11383.0,194.622492090433,-95.37244984180866,-6426.214922069064
26,5370,13608.0,184.16089274929877,-113.02721785498598,-7467.704503076195
26,5380,11575.0,194.37126942597857,-97.03942538851958,-8397.561150904643
26,5390,13868.0,196.17839057824762,-115.42756781156496,-9468.837551109817
27,5400,0.0,34.263836833034205,-0.6852767366606841,-0.6852767366606841
27,5410,224.0,58.98252257029084,-3.0676504514058167,-19.470819840728353
27,5420,123.0,39.87193657560131,-1.8294387315120262,-45.327344761198376
27,5430,475.0,64.49899575752467,-5.185979915150494,-83.05076060079075
27,5440,674.0,64.5828174603326,-6.843656349206652,-135.11320275418745
27,5450,606.0,68.0842078688229,-6.329684157376458,-213.3331121327977
27,5460,507.0,82.8088041749887,-5.824176083499774,-280.567125358721
27,5470,510.0,81.06125868748991,-5.837225173749799,-340.99907195020785
27,5480,1002.0,72.869661350147,-9.66539322700294,-416.30634033482636
27,5490,1383.0,88.51592083068627,-13.010318416613728,-526.3104810786937
27,5500,1694.0,95.9541330667282,-15.695082661334563,-682.3008861541581
27,5510,2244.0,110.03880765432389,-20.424776153086476,-855.7052596175465
27,5520,3486.0,131.98905531737893,-30.855781106347585,-1102.8439742708165
27,5530,4683.0,171.01119594452157,-41.19622391889043,-1461.356676915217
27,5540,6479.0,159.54462543297433,-55.46289250865949,-1952.0719569056507
27,5550,7324.0,162.02023714017832,-62.23240474280357,-2564.5082156387407
27,5560,7795.0,189.62450382308833,-66.67249007646176,-3131.0878642167154
27,5570,10157.0,194.9378641993213,-85.57075728398644,-3932.94995758307
27,5580,11938.0,191.95387830193147,-99.80707756603863,-4884.396056536147
27,5590,13841.0,198.76086882478774,-115.27921737649575,-5952.571457902018
28,5600,0.0,43.878211475279464,-0.8775642295055892,-0.8775642295055892
28,5610,216.0,39.85697630816977,-2.6211395261633954,-15.25947206465453
28,5620,1012.0,78.33439184744,-9.830687836948801,-82.2905740735689
28,5630,1898.0,78.70798626840826,-16.966159725368165,-214.4151707470704
28,5640,2142.0,100.43210682337659,-19.368642136467532,-404.7289988980734
28,5650,2136.0,101.68709851658986,-19.393741970331796,-586.2329508935474
28,5660,2563.0,120.79347271057402,-23.271869454211483,-775.5614303347489
28,5670,3448.0,144.0072279163784,-30.864144558327567,-1026.8982200315027
28,5680,3936.0,161.3921601185602,-35.0038432023712,-1358.2915021068443
28,5690,4956.0,157.67410057235548,-43.24148201144711,-1765.6504947259589
28,5700,6786.0,182.11973042143822,-58.31439460842877,-2318.9766063400234
28,5710,8881.0,202.3218522851964,-75.55843704570393,-3014.4055210742995
28,5720,9359.0,203.5820060674904,-79.39164012134981,-3795.533248542859
28,5730,9588.0,234.43969035233675,-81.95279380704675,-4559.452086488921
28,5740,8771.0,238.55977851398188,-75.51519557027964,-5349.799483893796
28,5750,10591.0,240.2619949341219,-90.17323989868244,-6162.190780653481
28,5760,13018.0,244.00839033737276,-109.73616780674745,-7113.213926709575
28,5770,13963.0,239.04519016803613,-117.08490380336073,-8264.137776100757
28,5780,15462.0,227.44721007437604,-128.84494420148752,-9498.92009383014
28,5790,14781.0,240.49851127799414,-123.66597022555987,-10811.6239965502
29,5800,0.0,33.08582679363089,-0.6617165358726179,-0.6617165358726179
29,5810,249.0,71.95185377213784,-3.519037075442757,-20.749964298977556
29,5820,703.0,46.30234263269987,-6.662046852653998,-70.28681260838263
29,5830,717.0,47.52760746212048,-6.7905521492424095,-130.08323624556095
29,5840,662.0,76.73470109681816,-7.014694021936363,-205.1858592832779
29,5850,1373.0,80.50120609236386,-12.76202412184728,-303.95511438035453
29,5860,2390.0,107.57743161190533,-21.511548632238107,-473.188256072115
29,5870,3628.0,112.46972568316868,-31.529394513663373,-749.2297632614916
29,5880,3468.0,103.58920416200664,-29.99978408324013,-1090.6236306772273
29,5890,4945.0,137.52750625607322,-42.69455012512147,-1463.8762430516874
29,5900,4583.0,136.407437978854,-39.64014875957708,-1903.7995253695747
29,5910,6553.0,164.51296930295499,-56.170259386059094,-2388.915259455249
29,5920,8522.0,182.13116596933378,-72.21862331938668,-3036.761755382332
29,5930,7058.0,176.75078274058941,-60.43901565481178,-3697.6279835571295
29,5940,6934.0,200.94551510457285,-59.978910302091464,-4229.250320959355
29,5950,6393.0,172.86602337054046,-54.99332046741081,-4792.484545654048
29,5960,7427.0,199.55744171321354,-63.88714883426428,-5399.643375035459
29,5970,8833.0,189.50457198947927,-74.91809143978959,-6136.601489931009
29,5980,9526.0,210.09265845139197,-80.90585316902784,-6913.51822652454
29,5990,8979.0,220.98624487920324,-76.74772489758406,-7682.415661236663
30,6000,0.0,24.247232634720948,-0.484944652694419,-0.484944652694419
30,6010,106.0,36.83235330170262,-1.6486470660340524,-12.384973113642069
30,6020,300.0,44.0952281776169,-3.3459045635523386,-35.84941947661511
30,6030,477.0,48.93246397398801,-4.85864927947976,-80.95270210861837
30,6040,958.0,62.04854243577748,-9.040970848715551,-150.97124769268058
30,6050,1802.0,87.9883910799161,-16.343767821598323,-278.87311645339355
30,6060,2277.0,109.89657868689038,-20.653931573737808,-466.9899017585931
30,6070,3379.0,96.44842840628475,-29.192968568125693,-712.4371104519047
30,6080,4001.0,115.06257711146445,-34.52525154222929,-1068.3425262365342
30,6090,5220.0,124.33519097822929,-44.55870381956459,-1463.631060886193
30,6100,6986.0,150.39049424935837,-59.23180988498717,-1997.853743718969
30,6110,9278.0,159.17529916782763,-77.81550598335656,-2696.166702087309
30,6120,11915.0,166.8986082708827,-99.13797216541766,-3586.9949334957314
30,6130,12026.0,190.5826794400954,-100.56365358880191,-4509.636983572249
30,6140,14745.0,193.31199872980548,-122.33823997459612,-5634.190987860136
30,6150,17500.0,192.66062321444804,-144.37321246428897,-6974.508089915337
30,6160,20452.0,194.578504862415,-168.00357009724829,-8544.689552624273
30,6170,20590.0,185.74290256054778,-168.78685805121097,-10281.562246356048
30,6180,23495.0,192.76612312780844,-192.38332246255618,-12098.794708641626
30,6190,19878.0,192.24646267967725,-163.38892925359355,-13887.02986167274
31,6200,0.0,45.49196878138701,-0.9098393756277402,-0.9098393756277402
31,6210,118.0,41.06243013645195,-1.8452486027290391,-15.642750370949653
31,6220,440.0,58.765141161328714,-4.807302823226575,-46.49019522950351
31,6230,612.0,82.46982467302335,-6.665396493460467,-116.34478525167673
31,6240,648.0,67.92733044545696,-6.69454660890914,-170.65813569344314
31,6250,588.0,66.52584693280487,-6.154516938656098,-221.40874268513392
31,6260,997.0,91.44271692429791,-9.97285433848596,-297.0843307193324
31,6270,1821.0,91.75282728778788,-16.57905654575576,-433.0020584162872
31,6280,2990.0,100.79601045624739,-26.167920209124947,-650.6845663588809
31,6290,4428.0,103.28289512168872,-37.76965790243378,-980.0211740285464
31,6300,6152.0,125.16739058583316,-52.031347811716664,-1438.7058804029662
31,6310,5192.0,155.56095891060966,-45.0152191782122,-1872.1501653788096
31,6320,6379.0,166.25174201686576,-54.83703484033732,-2323.4591434554723
31,6330,7602.0,171.83738545576023,-64.6527477091152,-2934.309386609216
31,6340,7504.0,153.46804365780565,-63.38936087315612,-3606.919601715255
31,6350,9615.0,184.54191292586103,-81.11483825851722,-4334.816630507964
31,6360,11256.0,155.97871019887913,-93.54357420397758,-5196.92508392715
31,6370,12009.0,154.25745464618248,-99.52514909292364,-6212.452927895169
31,6380,8114.0,145.8461852927377,-68.05292370585477,-7062.429775854378
31,6390,9654.0,156.60964796792402,-80.78019295935849,-7800.735292490168
32,6400,0.0,21.925222500084185,-0.43850445000168375,-0.43850445000168375
32,6410,290.0,50.71388718053565,-3.4462777436107137,-17.638016280647346
32,6420,374.0,63.67967521089747,-4.37759350421795,-64.0121523246004
32,6430,989.0,59.744613318538626,-9.234892266370773,-133.28948234327774
32,6440,651.0,66.58167448212866,-6.659633489642574,-215.674747635206
32,6450,982.0,92.19807882122848,-9.86796157642457,-299.9487980051796
32,6460,568.0,93.26353358010819,-6.6252706716021645,-400.9388048520429
32,6470,1142.0,82.02684648763777,-10.960536929752756,-495.31556966291726
32,6480,1634.0,86.50536236789247,-15.042107247357851,-601.3235826666607
32,6490,2705.0,121.8074626712147,-24.420149253424295,-804.8043758131994
32,6500,3843.0,142.4146807784666,-33.92829361556933,-1090.038138500217
32,6510,5035.0,154.56479619049898,-43.77929592380998,-1462.233289566792
32,6520,5298.0,160.48575396459114,-46.04971507929183,-1847.6204239082833
32,6530,6632.0,195.33412856612802,-57.43468257132256,-2361.4302412694383
32,6540,8290.0,211.97928683305696,-71.12758573666115,-2971.0498446038823
32,6550,8487.0,223.36665264457702,-72.83533305289154,-3724.936188962517
32,6560,10701.0,227.99370348749034,-90.69587406974982,-4578.576228501416
32,6570,13136.0,231.6848675101101,-110.2576973502022,-5621.692105152231
32,6580,15338.0,244.44921674085876,-128.29698433481718,-6785.282169363653
32,6590,14866.0,206.22235019674585,-123.52444700393492,-8075.905980847242
33,6600,0.0,48.885241638789154,-0.9777048327757831,-0.9777048327757831
33,6610,127.0,50.77596666131795,-2.103519333226359,-16.267954018507716
33,6620,343.0,67.61304327217758,-4.192260865443552,-58.65465527636311
33,6630,492.0,50.326910835058136,-5.046538216701163,-108.46663655040636
33,6640,1078.0,61.405422559496735,-9.996108451189937,-187.19662708557996
33,6650,1092.0,97.11671234024386,-10.838334246804877,-313.28801362743695
33,6660,1191.0,102.22413061458218,-11.828482612291644,-418.22566596832957
33,6670,1909.0,111.01839757089631,-17.684367951417926,-562.0322476433188
33,6680,3210.0,114.02222036535035,-28.28044440730701,-798.0191623664982
33,6690,3530.0,137.4895111248113,-31.349790222496228,-1076.0561134815289
33,6700,5066.0,165.89284345167974,-44.2858568690336,-1425.4305788095996
33,6710,6625.0,188.88743453225163,-57.18574869064504,-1967.7956955288612
33,6720,8417.0,207.4845295507052,-72.08569059101411,-2601.1054360046464
33,6730,9813.0,209.47470942919816,-83.10949418858398,-3415.74539020896
33,6740,9012.0,215.64303855881505,-76.83286077117631,-4213.990522140168
33,6750,9111.0,197.11968896280376,-77.18239377925607,-5026.803298510896
33,6760,9338.0,219.0636512038376,-79.66127302407675,-5786.054183653022
33,6770,8949.0,196.80222182058102,-75.92004443641163,-6603.643419777807
33,6780,10040.0,221.9818544386837,-85.25563708877368,-7432.873540774872
33,6790,10707.0,229.84277291444423,-90.85285545828889,-8286.584093968082
34,6800,0.0,25.741737943395194,-0.514834758867904,-0.514834758867904
34,6810,268.0,50.170794788965964,-3.243415895779319,-18.664981202838796
34,6820,375.0,47.620443433205516,-4.056408868664111,-55.71672151954071
34,6830,838.0,65.360145658713,-8.11520291317426,-118.20691378048868
34,6840,1032.0,72.59957112971969,-9.867991422594395,-203.19438272367398
34,6850,1426.0,77.5574932405556,-13.111149864811113,-314.64740768294115
34,6860,2386.0,92.04773287426288,-21.14495465748526,-485.33767774666956
34,6870,2838.0,107.40678516012336,-25.06813570320247,-700.9303642009223
34,6880,3874.0,104.10982232678207,-33.29019644653564,-1004.731158905066
34,6890,4841.0,130.39331488234762,-41.67986629764695,-1352.043474355978
34,6900,5341.0,132.86851717982947,-45.62537034359659,-1814.465615017104
34,6910,7012.0,138.4573137236961,-59.249146274473915,-2357.2470616545543
34,6920,8802.0,178.2481431101095,-74.38896286220219,-3041.6850266139286
34,6930,9807.0,169.78887571739332,-82.29977751434787,-3831.7651138226443
34,6940,12393.0,210.90507176959738,-103.93810143539196,-4763.609652190009
34,6950,13006.0,199.9884352213285,-108.51176870442657,-5831.103350710618
34,6960,15171.0,231.11150575654477,-126.53423011513088,-7017.14763949824
34,6970,13510.0,213.82657808093632,-112.95653156161873,-8256.991677352778
34,6980,16555.0,214.5408157657265,-137.37881631531457,-9518.611368549604
34,6990,15980.0,224.20527109603148,-132.92410542192064,-10841.91775209724
35,7000,0.0,33.26648411236706,-0.6653296822473412,-0.6653296822473412
35,7010,256.0,66.64871301650875,-3.5089742603301755,-20.58303446682838
35,7020,917.0,89.55461443282803,-9.303092288656561,-87.19499934326532
35,7030,243.0,59.203239357321216,-3.1760647871464247,-135.9064652297118
35,7040,647.0,51.976268083739164,-6.319525361674784,-187.40680067558702
35,7050,1030.0,89.08810862744652,-10.18976217254893,-258.17719115801367
35,7060,1595.0,101.60239487313808,-15.024047897462761,-387.7114698598669
35,7070,1827.0,117.86729299025569,-17.149345859805113,-533.7763882842676
35,7080,3070.0,111.65663554757224,-27.113132710951447,-762.5903790933003
35,7090,4585.0,139.05862448402917,-39.81317248968059,-1101.3184591987472
35,7100,6322.0,142.15278961783193,-53.73905579235664,-1579.2146549382767
35,7110,7955.0,162.05108982902863,-67.28902179658057,-2220.0450653498306
35,7120,7120.0,161.9455758323507,-60.67891151664701,-2792.1665267307817
35,7130,6917.0,190.16949550545425,-59.54738991010909,-3463.7165568468504
35,7140,9496.0,211.98457589851566,-80.77569151797032,-4168.79343017977
35,7150,8271.0,193.0845070373158,-70.41369014074633,-4942.349944531826
35,7160,10758.0,218.07068237411937,-91.0094136474824,-5771.226106275548
35,7170,10598.0,219.48502995280214,-89.70970059905605,-6643.457854817637
35,7180,10626.0,194.20514124420154,-89.34810282488402,-7587.671089183745
35,7190,11943.0,207.16023681496014,-100.2472047362992,-8528.08208803819
36,7200,0.0,30.380817728627655,-0.6076163545725531,-0.6076163545725531
36,7210,426.0,66.9164713097889,-4.914329426195778,-22.54021305055084
36,7220,131.0,37.90139576465528,-1.8620279152931054,-56.042257194832494
36,7230,573.0,50.121123665943855,-5.690422473318877,-96.11233329574615
36,7240,651.0,65.55313306471358,-6.623062661294272,-163.27018371663718
36,7250,812.0,69.34769889930631,-7.9869539779861265,-236.78694499663672
36,7260,1712.0,94.83595784508762,-15.824719156901754,-351.38605952196303
36,7270,2758.0,97.01700186370971,-24.228340037274194,-551.0023396655935
36,7280,2867.0,100.29212022268425,-25.125842404453685,-825.3200938292916
36,7290,4245.0,106.88690513032353,-36.36973810260647,-1138.4610373703238
36,7300,6009.0,117.13076848614078,-50.71861536972282,-1579.432381354333
36,7310,8231.0,156.5845959404027,-69.39569191880805,-2186.0514494248428
36,7320,8973.0,174.43397066400632,-75.64867941328014,-2968.355212543505
36,7330,11154.0,177.67250901735025,-93.265450180347,-3807.8674539523436
36,7340,11499.0,189.10498045077384,-96.32609960901549,-4707.300812333736
36,7350,9853.0,186.45126199245843,-83.05702523984917,-5681.125330040377
36,7360,10607.0,218.41827226889185,-89.85636544537783,-6495.057380796128
36,7370,11738.0,243.3345561193264,-99.43469112238652,-7414.335300921117
36,7380,12695.0,212.24774034115035,-106.348954806823,-8480.003350167484
36,7390,11554.0,237.18410704483557,-97.83168214089672,-9518.368897867458
37,7400,0.0,49.93781164477614,-0.9987562328955228,-0.9987562328955228
37,7410,138.0,44.756864257921286,-2.0871372851584256,-13.141275943326876
37,7420,347.0,95.90438808193883,-4.766087761638778,-59.38654711369437
37,7430,478.0,50.06957770491656,-4.8733915540983315,-107.0256356575925
37,7440,229.0,44.976738621905376,-2.8035347724381072,-147.61096586159476
37,7450,824.0,70.88089963716817,-8.185617992743364,-206.4230191523422
37,7460,696.0,83.95757984670865,-7.431151596934174,-289.846810774581
37,7470,1484.0,101.45809078245573,-14.045161815649115,-414.1900315607432
37,7480,2314.0,91.78100728580077,-20.555620145716013,-593.0589669414945
37,7490,3809.0,107.65838102686563,-32.929167620537314,-862.974758295828
37,7500,5506.0,128.98877284742156,-46.923775456948434,-1267.9985084403559
37,7510,7619.0,128.00286498873837,-63.86405729977477,-1831.6010538247665
37,7520,9888.0,157.15563033806367,-82.63111260676128,-2572.7926668923205
37,7530,10957.0,147.13635166464442,-90.99072703329288,-3434.0032729871778
37,7540,9843.0,140.60331071902218,-81.94006621438044,-4262.971936231737
37,7550,11636.0,148.32927453601292,-96.41458549072027,-5163.069085034055
37,7560,13415.0,134.70849532529664,-110.36616990650595,-6197.997146412046
37,7570,15458.0,148.00169786288916,-127.01603395725778,-7395.666892339505
37,7580,12848.0,147.30232894114826,-106.13004657882297,-8439.72833046778
37,7590,14777.0,150.12657962331474,-121.6265315924663,-9582.361251122484
38,7600,0.0,27.234568768722966,-0.5446913753744593,-0.5446913753744593
38,7610,325.0,69.81296315426991,-4.132259263085398,-21.11193607830335
38,7620,703.0,69.11046066276073,-7.1182092132552155,-72.00836595210355
38,7630,567.0,61.485560890401814,-5.893711217808037,-156.04855599094233
38,7640,1110.0,66.99931005151382,-10.363986201030276,-240.73806229420285
38,7650,1206.0,78.95277086812665,-11.411055417362533,-357.1639501576685
38,7660,1125.0,94.09509327102856,-11.121901865420572,-446.6214908728292
38,7670,1544.0,98.07446706146449,-14.521489341229291,-586.0165043610765
38,7680,2450.0,90.68089747926363,-21.637617949585273,-766.7452173530426
38,7690,3769.0,110.79007891081744,-32.62380157821635,-1042.8031397084367
38,7700,5416.0,124.78339694762553,-46.14366793895251,-1440.9634037777073
38,7710,4632.0,114.14405672466835,-39.62688113449337,-1859.401561239953
38,7720,4959.0,143.7818239430747,-42.80363647886149,-2306.1290895209577
38,7730,4298.0,151.47552800359037,-37.78951056007181,-2660.268927409657
38,7740,6201.0,179.97673461319013,-53.61553469226381,-3148.348778874896
38,7750,8033.0,192.2426209063661,-68.47685241812732,-3776.283555296625
38,7760,10975.0,208.4440616215376,-92.50488123243076,-4583.490361843851
38,7770,11443.0,211.46630270452494,-96.3973260540905,-5467.992822732085
38,7780,13296.0,210.76392691691487,-111.1912785383383,-6476.933123602207
38,7790,11905.0,180.87695081269374,-99.12953901625387,-7613.756759220094
39,7800,0.0,52.167688734873856,-1.0433537746974773,-1.0433537746974773
39,7810,210.0,56.82827412570982,-2.9285654825141965,-19.384781518774368
39,7820,273.0,59.495136170966354,-3.509902723419327,-48.06418378765955
39,7830,726.0,56.94542076489594,-7.0509084152979185,-102.68951269511243
39,7840,1343.0,83.45048495722706,-12.605009699144542,-195.29976390707589
39,7850,1789.0,102.17292627471706,-16.61945852549434,-334.68894907194374
39,7860,2853.0,127.35082571937065,-25.699016514387413,-560.8438746499661
39,7870,3581.0,145.2437844545215,-31.936875689090428,-846.5851466879159
39,7880,5836.0,166.30078945688237,-50.50201578913765,-1257.9786074981566
39,7890,6293.0,167.6591654145589,-54.12918330829118,-1789.0313250690633
39,7900,8005.0,189.54073814651832,-68.23881476293037,-2432.1790826349293
39,7910,9366.0,204.29018174115518,-79.46180363482311,-3236.2672873602296
39,7920,10475.0,216.57646604879187,-88.69952932097583,-4070.451493483912
39,7930,11882.0,236.7079929354361,-100.41415985870873,-5004.202143724484
39,7940,12894.0,194.57904187830212,-107.45958083756605,-6043.19648922642
39,7950,13393.0,234.61470341047513,-112.33229406820952,-7138.638686536348
39,7960,12661.0,215.8254443635137,-106.13250888727028,-8199.98506657793
39,7970,9988.0,197.00089241063387,-84.26801784821268,-9260.657450305225
39,7980,10744.0,219.49080767698638,-90.88581615353974,-10172.589308990153
39,7990,12302.0,222.82007133138697,-103.40840142662773,-11162.451810435086
40,8000,0.0,57.3996327617522,-1.1479926552350441,-1.1479926552350441
40,8010,131.0,59.5318404088517,-2.342636808177034,-17.902343462917916
40,8020,397.0,72.43231992706164,-4.760646398541233,-48.63846174995872
40,8030,485.0,57.19950857364577,-5.1199901714729155,-97.77144690558984
40,8040,315.0,68.10576895984492,-4.010115379196899,-142.1431250386562
40,8050,346.0,64.37096743827176,-4.151419348765436,-185.89401178253777
40,8060,738.0,110.69612325345737,-8.277922465069148,-242.50349604227003
40,8070,1555.0,104.34360474498791,-14.67887209489976,-363.0112668369672
40,8080,1431.0,71.98348734599743,-13.079669746919949,-508.9622539115735
40,8090,2500.0,85.01949629066316,-21.940389925813264,-682.3963361222418
40,8100,2212.0,82.48234649506165,-19.505646929901236,-927.0915948504123
40,8110,2929.0,108.78614176956712,-25.847722835391345,-1153.396697864116
40,8120,4378.0,123.05187011020354,-37.773037402204075,-1472.4613131541385
40,8130,6146.0,152.12759439022824,-52.53055188780456,-1932.2106067055292
40,8140,8055.0,128.47256073295767,-67.34545121465915,-2538.86399981854
40,8150,7732.0,154.16640871014678,-65.33932817420293,-3168.5654622889742
40,8160,10462.0,180.41661114453137,-87.78433222289063,-3941.4509262115475
40,8170,8836.0,175.77573893944378,-74.56351477878887,-4742.47234856437
40,8180,9074.0,182.34774450125212,-76.63895489002505,-5551.231759559355
40,8190,10419.0,186.78404395118002,-87.57568087902361,-6381.431961159397
41,8200,0.0,18.710751412635705,-0.37421502825271413,-0.37421502825271413
41,8210,92.0,49.47129321584458,-1.8054258643168917,-12.32101690048169
41,8220,231.0,59.91778576430878,-3.1503557152861754,-43.804270136835235
41,8230,624.0,55.60280934511798,-6.23205618690236,-95.58799519760314
41,8240,810.0,75.76293915816441,-8.187258783163289,-167.41982653345772
41,8250,1269.0,103.82195028810986,-12.436439005762196,-281.14389740615877
41,8260,1899.0,112.00648938998408,-17.70412978779968,-422.6963892823316
41,8270,1954.0,106.45219539802414,-17.905043907960483,-625.6733120758767
41,8280,2747.0,121.87585035100727,-24.749517007020145,-817.0105061068565
41,8290,4241.0,154.27098238965897,-37.44541964779319,-1121.7533921504667
41,8300,4714.0,160.44387484543103,-41.34487749690862,-1475.5636132559569
41,8310,6576.0,188.3657275017253,-56.88731455003451,-1942.0097204430538
41,8320,7538.0,182.89191002665132,-64.44983820053302,-2552.6380571061027
41,8330,8957.0,213.07280162923072,-76.50945603258462,-3200.3671759541426
41,8340,8580.0,232.82875177708667,-73.84857503554173,-3958.955672964074
41,8350,8717.0,216.9565240955599,-74.5631304819112,-4725.902857520599
41,8360,9913.0,221.69755436520026,-84.34595108730402,-5501.958138220185
41,8370,11614.0,224.00673219808,-98.04013464396161,-6399.6763681158145
41,8380,11291.0,210.92879800940585,-95.00257596018812,-7361.883738724534
41,8390,10346.0,205.30119481290197,-87.33802389625805,-8307.157278485362
42,8400,0.0,23.791768982365046,-0.47583537964730094,-0.47583537964730094
42,8410,112.0,55.72466604245427,-2.1064933208490855,-12.856059850628103
42,8420,407.0,70.42902058169068,-4.752580411633813,-51.06234580474499
42,8430,421.0,61.834372246656876,-4.692687444933138,-91.6431838859568
42,8440,683.0,68.5242020924739,-6.906484041849478,-167.18723531169513
42,8450,975.0,97.48685494410877,-9.909737098882175,-260.08065665075674
42,8460,1865.0,102.02968154362758,-17.19259363087255,-398.42595185942116
42,8470,3154.0,118.27331499832776,-27.885466299966556,-622.617969520984
42,8480,4729.0,115.7599262281115,-40.459198524562225,-966.8468692058101
42,8490,4938.0,134.75040087651834,-42.48700801753037,-1439.6465425082552
42,8500,6914.0,146.05613133973716,-58.569122626794744,-1952.7622554894856
42,8510,7087.0,148.26744960263554,-59.94934899205272,-2612.723425128643
42,8520,8879.0,151.34788726209004,-74.47495774524181,-3279.482811128248
42,8530,8475.0,158.51184272332077,-71.41823685446641,-3926.1039991139482
42,8540,8131.0,159.78437193657425,-68.58768743873148,-4632.170783912676
42,8550,10591.0,187.2532543079473,-88.89706508615895,-5444.583901800098
42,8560,12983.0,167.03124843652643,-107.64462496873053,-6440.50791263192
42,8570,15657.0,163.04206463508953,-128.94884129270181,-7635.302331342197
42,8580,15346.0,160.65627210293096,-126.38912544205863,-8989.979076698435
42,8590,15325.0,162.9991626811777,-126.25998325362356,-10265.325762800212
43,8600,0.0,34.64397989944711,-0.6928795979889423,-0.6928795979889423
43,8610,184.0,55.173131493007084,-2.711462629860142,-17.97384413902889
43,8620,299.0,56.67514659859016,-3.6375029319718033,-51.19311416581042
43,8630,428.0,44.51724476836048,-4.38634489536721,-88.66869166308649
43,8640,657.0,67.06263148310403,-6.757252629662081,-136.99297537834693
43,8650,1357.0,96.6559215539918,-13.005118431079836,-222.88544318109825
43,8660,1306.0,124.53107255855929,-13.130621451171187,-347.90117945384577
43,8670,1926.0,122.54927947494704,-18.074985589498944,-528.3500178204605
43,8680,3017.0,137.12949230167462,-27.150589846033494,-774.9251311989004
43,8690,5247.0,168.6509504327507,-45.83701900865501,-1132.4122901286771
43,8700,8140.0,203.47836134383323,-69.71756722687667,-1735.902041098013
43,8710,8309.0,199.74528451277953,-70.9789056902556,-2392.4963452983484
43,8720,10318.0,223.13480351662764,-87.65469607033256,-3146.021809455644
43,8730,10975.0,201.41458057984667,-92.32429161159693,-4026.6916489230066
43,8740,12773.0,227.7510534401994,-107.323021068804,-5057.520286455796
43,8750,10924.0,240.73355047556416,-92.83867100951129,-6016.445432671918
43,8760,8292.0,212.65957947303266,-71.02119158946066,-6779.481251316595
43,8770,9815.0,195.35133389066755,-82.86702667781336,-7589.588667403785
43,8780,9823.0,182.21804450389263,-82.60436089007786,-8449.922932016072
43,8790,9519.0,195.66146751110216,-80.50522935022204,-9230.213273327716
44,8800,0.0,20.46432905688569,-0.40928658113771377,-0.40928658113771377
44,8810,269.0,73.37750785524227,-3.739550157104845,-18.31636902780554
44,8820,535.0,53.09969525758124,-5.477993905151624,-57.08121068324954
44,8830,1427.0,84.34257962676091,-13.35085159253522,-150.97714387395013
44,8840,1322.0,92.6463300226307,-12.652926600452615,-279.1312255544826
44,8850,1440.0,103.01494059579112,-13.788298811915825,-405.4185440017676
44,8860,1895.0,105.35438725999731,-17.523087745199945,-551.8502500740359
44,8870,2108.0,115.13828672369776,-19.462765734473955,-714.2751640989721
44,8880,2858.0,131.7602000350736,-25.755204000701475,-952.1969951053953
44,8890,3584.0,133.16690056216615,-31.687338011243323,-1244.6243262418764
44,8900,3492.0,124.06188900615271,-30.64923778012306,-1565.8764716392377
44,8910,4146.0,148.5669613152159,-36.53933922630432,-1893.4281323510465
44,8920,5424.0,171.8035067983681,-47.20407013596736,-2338.8088466175886
44,8930,7505.0,209.44490639374317,-64.81289812787486,-2868.839208123418
44,8940,8359.0,171.63597587304758,-70.69671951746095,-3552.4716035068254
44,8950,8941.0,194.15113399083765,-75.82702267981675,-4269.815506160164
44,8960,11028.0,197.27978606914428,-92.73759572138289,-5099.904994985616
44,8970,10560.0,190.23162019054132,-88.66063240381082,-6047.710427137239
44,8980,13513.0,202.95227052288743,-112.72304541045776,-7073.608815260433
44,8990,14963.0,208.6600172593051,-124.46120034518611,-8265.572088497716
45,9000,0.0,24.59287854663428,-0.4918575709326857,-0.4918575709326857
45,9010,288.0,67.69392482437935,-3.7858784964875873,-19.52344942667257
45,9020,769.0,75.89295209019696,-7.82185904180394,-71.90005552985738
45,9030,1429.0,71.28367320585649,-13.01767346411713,-178.04039903963724
45,9040,2562.0,86.72125838834557,-22.438425167766912,-358.5960251152811
45,9050,3844.0,104.44834092475435,-33.12896681849509,-647.1171610898233
45,9060,3678.0,115.0089646446935,-31.90017929289387,-1003.7633185418118
45,9070,5256.0,133.22660019884404,-45.05653200397688,-1387.3359309310022
45,9080,6484.0,130.41779478900895,-54.79235589578018,-1912.6755486959503
45,9090,6836.0,141.20200961651855,-57.86404019233037,-2431.6635799497876
45,9100,4462.0,158.66455519289977,-39.213291103858,-2841.630230362223
45,9110,6687.0,178.89904390862358,-57.513980878172475,-3345.7142330452853
45,9120,7413.0,165.10360449404328,-63.03007208988087,-3942.911487339944
45,9130,9290.0,171.75024142387096,-78.19500482847742,-4647.612901498749
45,9140,9065.0,172.81119591459066,-76.32022391829182,-5500.790498428694
45,9150,9973.0,187.3567206822454,-84.01113441364492,-6255.132822241153
45,9160,11476.0,164.7631564194312,-95.48726312838863,-7157.348970916688
45,9170,12886.0,159.96231268719592,-106.64724625374393,-8167.261079437614
45,9180,8204.0,146.8748688639246,-68.8014973772785,-9067.794510906486
45,9190,7245.0,154.95614533200524,-61.355122906640105,-9759.562699728986
46,9200,0.0,47.48992972498918,-0.9497985944997837,-0.9497985944997837
46,9210,208.0,48.868408542604016,-2.7373681708520805,-17.838386767219767
46,9220,526.0,58.038962012941376,-5.464779240258828,-67.6011660693371
46,9230,739.0,69.8566951469261,-7.485133902938523,-116.4973832992729
46,9240,1085.0,62.40318887288685,-10.080063777457736,-210.913541516727
46,9250,2030.0,105.88602359996527,-18.573720471999305,-357.3568778811406
46,9260,3424.0,131.78437684573458,-30.299687536914693,-611.7662582547366
46,9270,3096.0,120.62812578748377,-27.33256251574968,-929.9461025925301
46,9280,4630.0,132.59367799181578,-40.07587355983632,-1274.766441797198
46,9290,6722.0,155.6607640810888,-57.32921528162178,-1763.7412149309027
46,9300,9183.0,171.59202447878627,-77.28784048957571,-2462.5299799503623
46,9310,7427.0,164.47994978570986,-63.12159899571421,-3170.856130304161
46,9320,7385.0,189.42554227434925,-63.30851084548699,-3870.7214324061138
46,9330,7597.0,207.27294504082622,-65.35345890081653,-4499.44304580298
46,9340,9830.0,189.96009018240582,-82.84720180364812,-5260.072512922044
46,9350,12115.0,187.53237621367907,-101.15064752427358,-6198.294048289527
46,9360,10733.0,159.0232365314378,-89.39646473062876,-7179.840668938103
46,9370,13287.0,188.84025450839775,-110.52880509016796,-8205.344168455562
46,9380,15324.0,196.05171070287489,-127.0730342140575,-9404.93614872496
46,9390,18032.0,190.16372277173525,-148.60327445543473,-10807.158813201426
47,9400,0.0,49.5022160532933,-0.9900443210658662,-0.9900443210658662
47,9410,125.0,43.15119764071419,-1.9350239528142839,-17.692361199916657
47,9420,377.0,58.257115875255494,-4.28514231750511,-47.39578793962382
47,9430,971.0,59.3677999693855,-9.10735599938771,-113.07190982185332
47,9440,1802.0,75.13083537426604,-16.126616707485322,-243.77632666649225
47,9450,2822.0,90.30280295375098,-24.60605605907502,-454.30058556348905
47,9460,2485.0,111.0840068835029,-22.34968013767006,-669.8955901380731
47,9470,2472.0,112.3090163777491,-22.31018032755498,-882.1238615298284
47,9480,1718.0,146.14383629342996,-16.922876725868598,-1147.4344970487864
47,9490,2714.0,123.3603080700106,-24.419206161400215,-1361.9325248608136
47,9500,4121.0,153.03919352736258,-36.41278387054725,-1672.897259998502
47,9510,6352.0,163.04270606027802,-54.55685412120557,-2125.560314258618
47,9520,8434.0,183.38359895237437,-71.6756719790475,-2761.486870907189
47,9530,8955.0,198.8859449961452,-76.1297188999229,-3497.912076912784
47,9540,8496.0,203.91624823801547,-72.53432496476032,-4247.548273849843
47,9550,8033.0,188.3585397118827,-68.39117079423767,-5014.288803371472
47,9560,7163.0,190.54130019082558,-61.51482600381651,-5670.461034237203
47,9570,8042.0,208.07702793594473,-69.0575405587189,-6305.433400952677
47,9580,6458.0,204.96675236478018,-56.28333504729561,-6906.2044370071735
47,9590,9667.0,222.32531320076185,-82.37450626401524,-7625.458726370175
48,9600,0.0,25.10479651517175,-0.502095930303435,-0.502095930303435
48,9610,219.0,53.515547153337025,-2.9183109430667407,-16.82429349180151
48,9620,875.0,69.59837861315981,-8.575967572263197,-76.06618300297794
48,9630,1001.0,77.71509210080804,-9.754301842016162,-164.46653007370887
48,9640,2182.0,100.52026833450195,-19.71440536669004,-320.46419275547987
48,9650,3546.0,122.2228027430278,-31.09245605486056,-589.5669752112123
48,9660,3367.0,148.7186857428337,-30.13437371485668,-883.2729284730474
48,9670,3939.0,139.135915439342,-34.63071830878684,-1219.0500885673548
48,9680,2508.0,125.74616154437561,-22.698923230887512,-1541.3740567491147
48,9690,3183.0,150.95165541510696,-28.89903310830214,-1778.5895063336916
48,9700,4980.0,162.92596959736196,-43.49851939194724,-2169.6420002600025
48,9710,6308.0,146.93216752845973,-53.8426433505692,-2679.8805825274085
48,9720,6422.0,153.14814903327584,-54.82296298066552,-3219.7387592248606
48,9730,6783.0,169.34503791321347,-58.06690075826427,-3783.812004869052
48,9740,7853.0,191.15764816339475,-67.1351529632679,-4413.9799844044865
48,9750,8781.0,201.59068712951296,-74.79181374259026,-5120.00646003558
48,9760,8775.0,191.80525517898658,-74.46010510357974,-5893.094368730108
48,9770,10937.0,205.85983854355072,-92.18919677087102,-6743.361262061627
48,9780,11053.0,208.72887250852037,-93.1745774501704,-7639.349718227383
48,9790,8752.0,236.28508447940928,-75.29370168958819,-8431.27965537908
49,9800,0.0,41.631340143819244,-0.8326268028763849,-0.8326268028763849
49,9810,231.0,56.03662562232545,-3.0647325124465095,-22.459308918069183
49,9820,182.0,48.423241635009994,-2.5284648327002,-50.251113762969
49,9830,425.0,44.53171352569715,-4.394634270513943,-87.86327341800757
49,9840,846.0,106.2200584821021,-9.156401169642042,-162.97647423351754
49,9850,723.0,111.9845300926021,-8.175690601852041,-264.6969172991992
49,9860,1126.0,117.5750433911617,-11.543500867823234,-372.74842119250445
49,9870,2652.0,121.99420725742114,-23.991884145148425,-542.2207405818343
49,9880,3688.0,138.71164246646697,-32.55023284932934,-856.5536746393702
49,9890,6108.0,172.6918737937619,-52.82183747587524,-1282.557389114611
49,9900,7626.0,192.27407565449926,-65.38948151308999,-1836.8270681862743
49,9910,8228.0,188.28173978545394,-70.00563479570907,-2601.757024414899
49,9920,9903.0,208.0961550866239,-83.97792310173249,-3324.2131143407423
49,9930,9517.0,215.87355669944384,-80.82947113398887,-4253.71616114918
49,9940,8718.0,203.4471732256173,-74.29294346451235,-5009.7115523157545
49,9950,10056.0,195.33743249517195,-84.75474864990345,-5840.708798787974
49,9960,10484.0,204.587110393087,-88.52374220786176,-6661.305238696194
49,9970,14072.0,202.84577873903493,-117.22491557478071,-7702.085009799642
49,9980,12733.0,215.59283423377462,-106.7678566846755,-8734.835594182283
49,9990,11407.0,209.15896620402367,-95.89517932408047,-9691.346171352812
